<?xml version="1.0" encoding="utf-8"?><feed xmlns="http://www.w3.org/2005/Atom" ><generator uri="https://jekyllrb.com/" version="4.2.0">Jekyll</generator><link href="/feed.xml" rel="self" type="application/atom+xml" /><link href="/" rel="alternate" type="text/html" /><updated>2021-02-02T19:49:57+08:00</updated><id>/feed.xml</id><title type="html">THE SECLUDED</title><subtitle>Blume 的个人博客</subtitle><author><name>Blume</name><email>p3g4sus@foxmail.com</email></author><entry><title type="html">SQL手工注入语句大全</title><link href="/2021-02-02/sql-injection.html" rel="alternate" type="text/html" title="SQL手工注入语句大全" /><published>2021-02-02T00:00:00+08:00</published><updated>2021-02-02T00:00:00+08:00</updated><id>/2021-02-02/sql-injection</id><content type="html" xml:base="/2021-02-02/sql-injection.html">&lt;h2 id=&quot;说明&quot;&gt;说明&lt;/h2&gt;
&lt;p&gt;此文章持续更新，我会把学到的各种sql注入语句发布在这里&lt;/p&gt;

&lt;h2 id=&quot;语句控制&quot;&gt;语句控制:&lt;/h2&gt;
&lt;ul&gt;
  &lt;li&gt;
    &lt;p&gt;如果参数是字符串，用 &lt;code class=&quot;language-plaintext highlighter-rouge&quot;&gt;'&lt;/code&gt;。如果参数是数字，用 &lt;code class=&quot;language-plaintext highlighter-rouge&quot;&gt;;&lt;/code&gt;&lt;/p&gt;
  &lt;/li&gt;
  &lt;li&gt;
    &lt;p&gt;要”注释”掉后面的内容，可以用 &lt;strong&gt;&lt;code class=&quot;language-plaintext highlighter-rouge&quot;&gt;-- &lt;/code&gt;&lt;/strong&gt; (有空格!!!)&lt;/p&gt;
  &lt;/li&gt;
&lt;/ul&gt;

&lt;h2 id=&quot;查询语句大全&quot;&gt;查询语句大全&lt;/h2&gt;
&lt;ul&gt;
  &lt;li&gt;
    &lt;p&gt;使条件为真: &lt;code class=&quot;language-plaintext highlighter-rouge&quot;&gt;' or 'a' = 'a&lt;/code&gt;&lt;/p&gt;
  &lt;/li&gt;
  &lt;li&gt;
    &lt;p&gt;使条件为假: &lt;code class=&quot;language-plaintext highlighter-rouge&quot;&gt;' and '1' = '0&lt;/code&gt;&lt;/p&gt;
  &lt;/li&gt;
  &lt;li&gt;使用order by判断服务器SQL语句到底查询了多少个参数”: &lt;code class=&quot;language-plaintext highlighter-rouge&quot;&gt;' order by X -- &lt;/code&gt;
    &lt;ul&gt;
      &lt;li&gt;X 可以是任何一个数字，从比较大的数字开始，一直减半，直到语句成功为止，这时 X 可能就是参数的数量&lt;/li&gt;
      &lt;li&gt;为了获得更精确的结果，建议在原来的基础上执行多几次加减法&lt;/li&gt;
    &lt;/ul&gt;
  &lt;/li&gt;
  &lt;li&gt;确定参数位置: &lt;code class=&quot;language-plaintext highlighter-rouge&quot;&gt;' union select X,Y,Z...... -- &lt;/code&gt;
    &lt;ul&gt;
      &lt;li&gt;XYZ看参数数量决定，观察输出以确定参数的位置&lt;/li&gt;
    &lt;/ul&gt;
  &lt;/li&gt;
  &lt;li&gt;输出多条信息(拼接法): &lt;code class=&quot;language-plaintext highlighter-rouge&quot;&gt;' union select CONCAT_WS(CHAR(32, 58, 32), X, Y, Z), Y, Z... -- &lt;/code&gt;
    &lt;ul&gt;
      &lt;li&gt;XYZ看参数数量决定&lt;/li&gt;
      &lt;li&gt;CHAR(32, 58, 32) 指 “ : “&lt;/li&gt;
    &lt;/ul&gt;
  &lt;/li&gt;
&lt;/ul&gt;</content><author><name>Blume</name></author><category term="网络安全" /><summary type="html">说明 此文章持续更新，我会把学到的各种sql注入语句发布在这里</summary></entry><entry><title type="html">新博客!</title><link href="/2021-02-02/blog-started.html" rel="alternate" type="text/html" title="新博客!" /><published>2021-02-02T00:00:00+08:00</published><updated>2021-02-02T00:00:00+08:00</updated><id>/2021-02-02/blog-started</id><content type="html" xml:base="/2021-02-02/blog-started.html">&lt;h1 id=&quot;the-secluded&quot;&gt;THE SECLUDED&lt;/h1&gt;

&lt;p&gt;今天是significant的一天，Blume搭建了他的首个博客! &amp;lt;3&lt;/p&gt;

&lt;p&gt;中间裁了几个坑啊。。。firebase在2017年就被墙了 - -&lt;/p&gt;

&lt;p&gt;小弟Blume会不定期的分享有用的technique，也请各位大大佬动动鼠标把网址添加到收藏夹 XD。我也偶尔会在这里唠叨几句别的。&lt;/p&gt;

&lt;p&gt;搭建这个博客所涉及的:&lt;/p&gt;
&lt;ul&gt;
  &lt;li&gt;Markdown&lt;/li&gt;
  &lt;li&gt;Jekyll静态博客生成器&lt;/li&gt;
  &lt;li&gt;一个顶级域名&lt;/li&gt;
  &lt;li&gt;4个小时&lt;/li&gt;
&lt;/ul&gt;

&lt;p&gt;Thanks for your support (I hope :c) and have a good day/night.&lt;/p&gt;</content><author><name>Blume</name></author><category term="博客" /><summary type="html">THE SECLUDED</summary></entry><entry><title type="html">觅云 - 一家好用且高速的SSR/V2R机场</title><link href="/2021-02-02/miyun-recommend.html" rel="alternate" type="text/html" title="觅云 - 一家好用且高速的SSR/V2R机场" /><published>2021-02-02T00:00:00+08:00</published><updated>2021-02-02T00:00:00+08:00</updated><id>/2021-02-02/miyun-recommend</id><content type="html" xml:base="/2021-02-02/miyun-recommend.html">&lt;h2 id=&quot;前言&quot;&gt;前言&lt;/h2&gt;
&lt;p&gt;由于长城防火墙导致的网络限制，需要采用一些科学上网手段，SSR是你的best friend&lt;/p&gt;

&lt;p&gt;我曾经租过私人的VPS来搭建VPN服务器，可是效果却不是很理想，速度慢，需管理，费用高，最蛋疼的是只有一个IP :C&lt;br /&gt;
当我发现有一家机场可以一劳永逸时，”我giao，还有这么方便的platfrom?”&lt;/p&gt;

&lt;h2 id=&quot;觅云&quot;&gt;觅云&lt;/h2&gt;
&lt;p&gt;觅云(MeCloud)是一家做中高端BGP隧道中转/IPLC内网专线的SSR/V2Ray机场，近3年的老牌子，一直比较低调。
觅云机场拥有CN2 GIA/阿里云CEN/PCCW/AWS/Azure/GCP/IPLC等顶级线路近80条，其中全部为BGP/CN2隧道中继和IPLC内网专线，IPLC专线根本就不经过GFW。
经过很长时间的使用，非常稳定，速度也很快，比大多数同类服务更稳定，可以作为主力用来科学上网、游戏加速等服务使用。&lt;/p&gt;

&lt;p&gt;&lt;a href=&quot;https://www.miyun.fun/register?code=ouSHVmaT8ahCVCVt5wiljxQ7UbbdUa4v&quot;&gt;&lt;strong&gt;点我前往觅云官方网址&lt;/strong&gt;&lt;/a&gt;&lt;/p&gt;

&lt;p&gt;&lt;a href=&quot;https://www.miyun.fun/register?code=ouSHVmaT8ahCVCVt5wiljxQ7UbbdUa4v&quot;&gt;&lt;strong&gt;点我前往觅云官方网址&lt;/strong&gt;&lt;/a&gt;&lt;/p&gt;

&lt;p&gt;&lt;a href=&quot;https://www.miyun.fun/register?code=ouSHVmaT8ahCVCVt5wiljxQ7UbbdUa4v&quot;&gt;&lt;strong&gt;点我前往觅云官方网址&lt;/strong&gt;&lt;/a&gt;&lt;/p&gt;

&lt;h2 id=&quot;优势&quot;&gt;优势&lt;/h2&gt;
&lt;ul&gt;
  &lt;li&gt;线路全部采用BGP隧道中转和IPLC内网专线节点，所有节点均为无合租独服节点&lt;/li&gt;
  &lt;li&gt;BGP中转线路采用WG隧道+GOST路由直连双重隧道加密&lt;/li&gt;
  &lt;li&gt;高级订阅功能，可以按媒体、专线或地区进行选择订阅链接&lt;/li&gt;
  &lt;li&gt;全平台支持 Windows/Mac/Android/iOS/Linux&lt;/li&gt;
  &lt;li&gt;BGP中继独服服务器，主线入口为1G带宽，500M带宽的冗余CN2线路 ，北京200M联通，上海电信100M均可以轻松跑满&lt;/li&gt;
  &lt;li&gt;拥有香港、美国、东京、中国台湾等地区节点&lt;/li&gt;
  &lt;li&gt;支持4K/8K视频秒开，晚高峰也可以跑满带宽（需要你硬件支持）&lt;/li&gt;
&lt;/ul&gt;

&lt;h2 id=&quot;价格&quot;&gt;价格&lt;/h2&gt;
&lt;p&gt;&lt;img src=&quot;/assets/images/miyun-vip1.png&quot; alt=&quot;drawing&quot; style=&quot;max-width: 100%;&quot; /&gt;
&lt;img src=&quot;/assets/images/miyun-vip2.png&quot; alt=&quot;drawing&quot; style=&quot;max-width: 100%;&quot; /&gt;&lt;/p&gt;

&lt;p&gt;对于一般人的需求来说，100M速率+100GB流量已经很够了，流量每30天重置一次，未使用的流量不结转到下个周期。
你可以看看在Vultr上面搭的$5私人VPN，和觅云上买的20RMB的SSR/V2R，明显是觅云更划算一些。
注意关注领券中心！觅云时不时会发放福利 &amp;lt;3&lt;/p&gt;

&lt;p&gt;注意事项：&lt;strong&gt;只有专线套餐支持UDP协议、KCP加速和网络游戏加速功能&lt;/strong&gt;，而中继套餐不支持，但仍可用于游戏加速，效果相比于专线套餐要逊色很多。&lt;/p&gt;

&lt;h2 id=&quot;常见问题&quot;&gt;常见问题&lt;/h2&gt;
&lt;ol&gt;
  &lt;li&gt;SSR觅云怎么样？觅云机场怎么样？
    &lt;ul&gt;
      &lt;li&gt;非常优秀的一家老牌SSR/V2Ray机场，全部BGP隧道中转/IPLC内网专线，极速稳定，值得信赖&lt;/li&gt;
    &lt;/ul&gt;
  &lt;/li&gt;
  &lt;li&gt;觅云的官网在哪里?
    &lt;ul&gt;
      &lt;li&gt;&lt;a href=&quot;https://www.miyun.fun/register?code=ouSHVmaT8ahCVCVt5wiljxQ7UbbdUa4v&quot;&gt;&lt;strong&gt;点我前往觅云官方网址&lt;/strong&gt;&lt;/a&gt;&lt;/li&gt;
    &lt;/ul&gt;
  &lt;/li&gt;
  &lt;li&gt;如何下载客户端?
    &lt;ul&gt;
      &lt;li&gt;觅云是SSR/V2R机场，你使用通用的SSR客户端或V2Ray客户端就行，觅云官网提供客户端下载&lt;/li&gt;
      &lt;li&gt;唯一值得注意的是Linux的客户端，觅云上提供的是 &lt;em&gt;Clash&lt;/em&gt;，当然你也可以用别的SSR客户端比如 &lt;em&gt;Shadowsocks-Qt&lt;/em&gt;&lt;/li&gt;
    &lt;/ul&gt;
  &lt;/li&gt;
  &lt;li&gt;为什么SSR客户端有时”无效”?
    &lt;ul&gt;
      &lt;li&gt;客户端有代理规则，这决定了是否要对个别站点进行代理&lt;/li&gt;
      &lt;li&gt;SSR使用socks5协议，&lt;strong&gt;画重点! 不是 VPN!!! 它没有虚拟网卡!!&lt;/strong&gt;如果想实现真正的”全局代理”，我推荐你用 &lt;em&gt;proxychains&lt;/em&gt;，proxychains的使用方法在此不细讲&lt;/li&gt;
      &lt;li&gt;有些游戏不支持代理，你可能需要 &lt;em&gt;SSTap&lt;/em&gt;&lt;/li&gt;
    &lt;/ul&gt;
  &lt;/li&gt;
&lt;/ol&gt;</content><author><name>Blume</name></author><category term="翻墙" /><summary type="html">前言 由于长城防火墙导致的网络限制，需要采用一些科学上网手段，SSR是你的best friend</summary></entry></feed>